Activities,,,,,,,,,,Sleep,,,,,,,,
Date,Calories Burned,Steps,Distance,Floors,Minutes Sedentary,Minutes Lightly Active,Minutes Fairly Active,Minutes Very Active,Activity Calories,Start Time,End Time,Minutes Asleep,Minutes Awake,Number of Awakenings,Time in Bed,Minutes REM Sleep,Minutes Light Sleep,Minutes Deep Sleep
2021-12-01,"2,281","2,737",2.02,7,677,150,0,0,585,2021-12-01 10:37 PM,2021-12-02 6:54 AM,416,81,25,497,135,177,104
2021-12-02,"2,504","4,090",3.01,8,758,176,9,0,777,2021-12-02 10:50 PM,2021-12-03 7:18 AM,445,62,29,507,105,263,77
2021-12-03,"2,223","2,006",1.48,5,814,119,0,0,434,2021-12-03 11:54 PM,2021-12-04 8:29 AM,458,57,32,515,126,269,63
2021-12-04,"2,772","8,510",6.27,43,718,137,23,47,"1,104",2021-12-05 3:10 AM,2021-12-05 9:56 AM,338,68,14,406,99,160,79
2021-12-05,"2,178","2,873",2.12,9,916,110,7,1,477,2021-12-05 8:48 PM,2021-12-06 5:21 AM,467,46,33,513,140,238,89
2021-12-06,"2,267","2,193",1.62,3,796,131,0,0,491,2021-12-06 10:37 PM,2021-12-07 7:01 AM,459,45,26,504,104,273,82
2021-12-07,"2,980","7,376",5.44,12,626,247,59,4,"1,443",2021-12-07 10:55 PM,2021-12-08 6:39 AM,423,41,24,464,124,200,99
2021-12-08,"2,408","4,843",4.09,19,845,102,3,26,705,2021-12-08 8:29 PM,2021-12-09 5:08 AM,443,76,30,519,96,273,74
2021-12-09,"2,346","3,529",2.6,6,778,143,0,0,580,2021-12-09 11:01 PM,2021-12-10 6:38 AM,395,62,21,457,111,201,83
2021-12-10,"3,051","10,279",7.58,19,592,391,0,0,"1,655",2021-12-10 10:18 PM,2021-12-11 9:15 AM,523,134,24,657,109,327,87
2021-12-11,"3,396","14,348",10.57,30,348,308,118,9,"2,123",2021-12-11 11:03 PM,2021-12-12 8:43 AM,527,53,35,580,172,250,105
2021-12-12,"2,283","3,623",2.63,7,717,143,0,0,620,2021-12-12 10:12 PM,2021-12-13 6:36 AM,431,73,19,504,104,237,90
2021-12-13,"2,510","5,374",4.45,20,786,113,6,31,776,2021-12-13 11:27 PM,2021-12-14 6:33 AM,393,32,26,425,116,191,86
2021-12-14,"2,201","1,909",1.41,5,901,114,0,0,407,2021-12-14 10:39 PM,2021-12-15 6:41 AM,433,49,19,482,122,230,81
2021-12-15,"2,648","5,125",4.25,15,780,123,28,27,930,2021-12-15 11:45 PM,2021-12-16 6:55 AM,375,54,14,429,118,193,64
2021-12-16,"2,802","7,452",5.49,13,738,247,26,0,"1,213",2021-12-16 10:30 PM,2021-12-17 6:58 AM,451,57,25,508,138,237,76
2021-12-17,"2,874","7,255",6.16,23,698,174,26,34,"1,218",2021-12-18 1:00 AM,2021-12-18 8:58 AM,410,68,20,478,116,199,95
2021-12-18,"2,252","3,321",2.45,10,812,150,0,0,569,2021-12-19 3:00 AM,2021-12-19 8:48 AM,293,55,14,348,63,183,47
2021-12-19,"2,103","2,022",1.49,6,"1,000",92,0,0,357,2021-12-19 10:38 PM,2021-12-20 6:44 AM,434,52,20,486,115,264,55
2021-12-20,"3,140","13,457",10.57,28,611,304,16,23,"1,684",2021-12-20 11:29 PM,2021-12-21 6:43 AM,404,30,18,434,114,192,98
2021-12-21,"2,852","8,438",6.22,6,652,354,0,0,"1,413",2021-12-21 10:07 PM,2021-12-22 6:08 AM,431,50,30,481,132,200,99
2021-12-22,"3,666","14,635",11.71,39,516,381,32,30,"2,323",2021-12-22 10:33 PM,2021-12-23 6:58 AM,454,50,25,504,120,243,91
2021-12-23,"2,278","3,155",2.33,13,789,147,0,0,549,2021-12-23 11:07 PM,2021-12-24 8:18 AM,484,67,25,551,134,258,92
2021-12-24,"3,179","10,749",8.56,31,549,278,36,26,"1,705",2021-12-24 11:52 PM,2021-12-25 8:13 AM,447,54,30,501,144,204,99
2021-12-25,"2,272","3,279",2.42,8,781,152,3,3,600,2021-12-26 2:21 AM,2021-12-26 10:07 AM,399,66,15,465,128,204,67
2021-12-26,"2,341","4,193",3.09,11,802,173,0,0,690,2021-12-26 11:30 PM,2021-12-27 6:58 AM,407,41,28,448,128,204,75
2021-12-27,"2,631","6,913",5.09,16,736,256,0,0,"1,040",2021-12-27 11:51 PM,2021-12-28 7:02 AM,388,43,22,431,105,210,73
2021-12-28,"2,601","7,790",5.71,12,745,264,0,0,"1,067",2021-12-29 1:16 AM,2021-12-29 7:39 AM,337,45,23,382,101,140,96
2021-12-29,"2,292","3,088",2.25,8,947,111,0,0,486,2021-12-29 11:35 PM,2021-12-30 7:29 AM,423,51,24,474,125,186,112
2021-12-30,"2,493","7,396",5.39,12,751,183,27,5,913,2021-12-31 1:49 AM,2021-12-31 8:50 AM,381,40,24,421,120,181,80
2021-12-31,"2,141","3,032",2.23,10,858,161,0,0,555,2022-01-01 12:54 AM,2022-01-01 9:24 AM,455,54,32,509,144,181,130
2022-01-01,"2,515","8,164",5.89,41,734,150,15,32,907,2022-01-02 3:19 AM,2022-01-02 9:24 AM,330,35,17,365,115,124,91
2022-01-02,"2,364","4,837",3.56,16,887,188,0,0,752,2022-01-02 9:01 PM,2022-01-03 5:57 AM,464,72,35,536,131,252,81
2022-01-03,"2,029","1,513",1.12,4,818,86,0,0,302,2022-01-03 10:57 PM,2022-01-04 6:30 AM,396,57,26,453,92,213,91
2022-01-04,"2,572","5,213",3.99,11,812,132,7,36,876,2022-01-04 11:05 PM,2022-01-05 7:18 AM,434,59,18,493,134,216,84
2022-01-05,"2,307","2,548",1.69,5,814,111,12,10,562,2022-01-05 11:36 PM,2022-01-06 8:47 AM,443,108,11,551,85,278,80
2022-01-06,"2,173","2,404",1.77,7,756,133,0,0,477,2022-01-06 11:37 PM,2022-01-07 7:14 AM,416,41,22,457,121,246,49
2022-01-07,"2,309","2,646",1.77,4,859,109,3,12,549,2022-01-08 12:59 AM,2022-01-08 8:32 AM,418,35,22,453,128,200,90
2022-01-08,"2,968","8,565",6.24,26,712,187,83,5,"1,412",2022-01-09 1:07 AM,2022-01-09 8:53 AM,418,48,25,466,123,213,82
2022-01-09,"2,152","2,355",1.74,6,857,117,0,0,436,2022-01-09 10:36 PM,2022-01-10 6:39 AM,439,44,29,483,123,227,89
2022-01-10,"2,476","3,879",2.74,16,780,155,5,17,788,2022-01-10 10:37 PM,2022-01-11 5:57 AM,397,43,20,440,119,217,61
2022-01-11,"2,649","7,082",5.13,38,827,120,19,34,898,2022-01-11 11:06 PM,2022-01-12 6:58 AM,426,46,20,472,109,245,72
2022-01-12,"2,453","2,682",1.82,6,809,122,10,27,794,2022-01-12 10:15 PM,2022-01-13 6:49 AM,465,49,26,514,132,233,100
2022-01-13,"2,269","1,790",1.32,6,814,112,0,0,438,2022-01-13 11:43 PM,2022-01-14 6:59 AM,381,54,22,435,101,213,67
2022-01-14,"2,179","1,981",1.46,3,907,98,0,0,388,2022-01-14 10:17 PM,2022-01-15 8:59 AM,578,64,38,642,157,317,104
2022-01-15,"2,031","1,169",0.86,3,732,66,0,0,245,2022-01-16 12:31 AM,2022-01-16 8:56 AM,445,60,18,505,128,251,66
2022-01-16,"2,657","5,986",4.39,15,689,229,12,5,"1,073",2022-01-16 10:45 PM,2022-01-17 6:58 AM,438,55,26,493,113,239,86
2022-01-17,"1,973","1,222",0.9,2,886,61,0,0,225,2022-01-17 8:22 PM,2022-01-18 2:20 AM,316,42,15,358,91,169,56
2022-01-18,"2,168","2,029",1.5,5,969,113,0,0,411,2022-01-18 9:29 PM,2022-01-19 6:11 AM,446,76,26,522,119,253,74
2022-01-19,"2,994","9,463",6.97,16,579,319,17,3,"1,499",2022-01-19 10:46 PM,2022-01-20 6:29 AM,407,56,18,463,142,146,119
2022-01-20,"2,165","2,049",1.51,4,869,103,5,0,402,2022-01-20 10:38 PM,2022-01-21 6:28 AM,409,61,31,470,95,233,81
2022-01-21,"2,598","7,751",5.76,43,790,128,14,38,908,2022-01-22 1:20 AM,2022-01-22 9:28 AM,416,72,29,488,93,256,67
2022-01-22,"2,778","8,475",6.25,31,683,223,44,2,"1,253",2022-01-23 1:17 AM,2022-01-23 8:15 AM,382,36,18,418,135,165,82
2022-01-23,"2,458","7,489",5.37,35,875,103,16,28,768,2022-01-23 11:35 PM,2022-01-24 6:50 AM,389,46,22,435,100,214,75
2022-01-24,"2,701","5,817",4.24,15,771,234,0,0,"1,041",2022-01-24 9:50 PM,2022-01-25 7:01 AM,491,60,38,551,141,259,91
2022-01-25,"2,380","1,571",1.04,4,780,85,2,22,572,2022-01-25 11:11 PM,2022-01-26 7:19 AM,429,59,28,488,117,220,92
2022-01-26,"2,659","2,012",1.3,3,782,132,15,23,882,2022-01-26 11:27 PM,2022-01-27 6:59 AM,403,49,26,452,91,241,71
2022-01-27,"2,302","3,145",2.32,11,825,163,0,0,598,2022-01-27 10:40 PM,2022-01-28 6:59 AM,442,57,28,499,132,235,75
2022-01-28,"2,529","2,996",1.94,7,761,144,13,23,848,2022-01-28 8:21 PM,2022-01-29 7:39 AM,580,98,23,678,145,353,82
2022-01-29,"2,816","10,538",7.75,47,500,203,26,33,"1,268",2022-01-30 12:25 AM,2022-01-30 7:38 AM,400,33,18,433,99,230,71
2022-01-30,"2,281","3,631",2.68,10,836,171,0,0,633,2022-01-30 11:34 PM,2022-01-31 6:59 AM,392,53,22,445,93,229,70
2022-01-31,"2,229","2,317",1.71,4,858,137,0,0,493,2022-01-31 10:39 PM,2022-02-01 6:51 AM,442,50,32,492,82,284,76
2022-02-01,"2,396","4,097",3.02,13,787,161,0,0,661,2022-02-01 10:29 PM,2022-02-02 6:43 AM,434,60,21,494,114,225,95
2022-02-02,"3,083","10,190",7.51,22,597,338,11,0,"1,651",2022-02-02 11:36 PM,2022-02-03 4:05 AM,219,50,13,269,47,145,27
2022-02-03,"2,047","1,768",1.3,7,"1,069",102,0,0,349,2022-02-03 9:19 PM,2022-02-04 6:55 AM,505,71,25,576,177,242,86
2022-02-04,"2,644","6,127",4.52,28,581,283,0,0,"1,104",2022-02-05 1:09 AM,2022-02-05 9:21 AM,428,64,25,492,117,221,90
2022-02-05,"2,315","4,287",3.16,21,783,165,0,0,667,2022-02-06 1:44 AM,2022-02-06 7:05 AM,278,43,13,321,62,141,75
2022-02-06,"2,030","1,713",1.26,4,"1,022",97,0,0,341,2022-02-07 12:54 AM,2022-02-07 9:03 AM,444,45,28,489,133,221,90
2022-02-07,"3,367","14,036",10.34,63,604,156,128,63,"1,956",2022-02-07 10:54 PM,2022-02-08 7:00 AM,431,55,22,486,119,207,105
2022-02-08,"2,156","2,309",1.7,6,825,129,0,0,466,2022-02-08 10:36 PM,2022-02-09 6:43 AM,451,36,23,487,128,216,107
2022-02-09,"2,189","2,029",1.5,6,834,119,0,0,437,2022-02-09 10:31 PM,2022-02-10 6:14 AM,402,61,18,463,84,243,75
2022-02-10,"2,868","9,623",7.09,15,715,206,53,3,"1,278",2022-02-10 11:48 PM,2022-02-11 7:53 AM,417,68,27,485,112,216,89
2022-02-11,"2,557","8,222",6.06,42,784,103,24,44,906,2022-02-12 12:57 AM,2022-02-12 8:53 AM,405,71,26,476,85,233,87
2022-02-12,"2,395","7,547",5.56,39,826,82,13,43,744,2022-02-12 11:30 PM,2022-02-13 8:24 AM,470,64,22,534,108,267,95
2022-02-13,"2,086","1,518",1.12,8,805,101,0,0,368,2022-02-14 3:52 AM,2022-02-14 9:58 AM,329,37,16,366,49,217,63
2022-02-14,"2,116","2,238",1.65,8,975,99,0,0,387,2022-02-14 9:54 PM,2022-02-15 6:36 AM,449,73,29,522,88,305,56
2022-02-15,"2,770","2,990",2.2,8,667,251,0,0,"1,084",2022-02-15 11:21 PM,2022-02-16 6:45 AM,361,83,22,444,83,237,41
2022-02-16,"2,380","2,283",1.68,8,755,139,13,0,619,2022-02-16 10:10 PM,2022-02-17 8:15 AM,454,73,23,529,119,187,71
2022-02-17,"2,165","1,251",0.92,4,922,78,0,0,299,2022-02-17 9:49 PM,2022-02-18 6:58 AM,462,87,24,549,115,288,59
2022-02-18,"2,086","1,351",1,6,803,88,0,0,308,2022-02-19 1:44 AM,2022-02-19 9:26 AM,399,62,29,461,73,257,69
2022-02-19,"2,091","1,431",1.05,4,884,95,0,0,330,2022-02-19 10:43 PM,2022-02-20 8:23 AM,503,77,27,580,119,284,100
2022-02-20,"2,271","4,289",3.16,26,703,157,0,0,630,2022-02-20 10:38 PM,2022-02-21 7:09 AM,425,86,23,511,110,214,101
2022-02-21,"2,355","4,590",3.38,24,744,185,0,0,723,2022-02-21 11:18 PM,2022-02-22 7:00 AM,399,63,19,462,90,206,103
2022-02-22,"2,160","3,116",2.3,12,814,164,0,0,565,2022-02-22 10:34 PM,2022-02-23 7:00 AM,460,46,22,506,154,201,105
2022-02-23,"2,016","1,893",1.4,6,816,118,0,0,385,2022-02-23 9:36 PM,2022-02-24 7:34 AM,521,77,22,598,140,307,74
2022-02-24,"2,071","2,301",1.7,7,723,119,0,0,413,2022-02-24 11:07 PM,2022-02-25 7:04 AM,431,46,23,477,115,235,81
2022-02-25,"2,247","3,596",2.69,21,825,128,2,8,562,2022-02-26 12:30 AM,2022-02-26 9:33 AM,478,65,24,543,97,306,75
2022-02-26,"2,163","2,688",1.98,11,757,140,0,0,519,2022-02-26 11:57 PM,2022-02-27 8:27 AM,452,58,24,510,112,256,84
2022-02-27,"2,128","1,942",1.43,6,824,106,0,0,401,2022-02-27 9:43 PM,2022-02-28 7:02 AM,497,61,32,558,120,285,92
2022-02-28,"1,804","5,295",3.9,16,237,148,15,5,762,2022-02-28 10:39 PM,2022-03-01 6:08 AM,415,34,19,449,99,217,99
2022-03-01,"2,542","4,847",3.57,11,761,230,0,0,899,2022-03-01 11:45 PM,2022-03-02 7:24 AM,402,57,22,459,102,209,91
2022-03-02,"2,289","3,220",2.37,16,819,162,0,0,598,2022-03-02 10:36 PM,2022-03-03 7:16 AM,478,42,24,520,135,253,90
2022-03-03,"2,298","3,330",2.45,12,760,160,0,0,614,2022-03-03 11:54 PM,2022-03-04 6:49 AM,373,42,16,415,101,193,79
2022-03-04,"2,991","9,400",6.93,20,649,376,0,0,"1,523",2022-03-05 12:43 AM,2022-03-05 8:06 AM,375,68,25,443,108,195,72
2022-03-05,"2,766","11,282",8.31,13,695,292,7,3,"1,309",2022-03-05 9:32 PM,2022-03-06 7:22 AM,531,59,30,590,138,283,110
2022-03-06,"2,792","8,780",6.47,28,519,331,0,0,"1,359",2022-03-06 11:25 PM,2022-03-07 7:01 AM,414,42,24,456,113,220,81
2022-03-07,"2,317","3,905",2.88,14,814,170,0,0,645,2022-03-07 10:51 PM,2022-03-08 7:09 AM,445,53,24,498,134,226,85
2022-03-08,"2,165","2,636",1.94,8,816,126,0,0,467,2022-03-08 10:53 PM,2022-03-09 6:00 AM,387,39,28,426,102,225,60
2022-03-09,"3,331","11,304",8.33,15,608,319,78,9,"1,948",2022-03-09 8:24 PM,2022-03-10 6:44 AM,551,69,36,620,123,332,96
2022-03-10,"2,282","2,316",1.71,12,685,135,0,0,496,2022-03-10 11:39 PM,2022-03-11 6:29 AM,348,62,15,410,73,210,65
2022-03-11,"2,536","5,913",4.33,7,802,215,8,5,928,2022-03-12 3:23 AM,2022-03-12 8:53 AM,307,23,19,330,91,149,67
2022-03-12,"2,484","5,961",4.38,26,881,229,0,0,919,2022-03-13 3:43 AM,2022-03-13 11:06 AM,389,54,26,443,109,214,66
2022-03-13,"2,174","2,602",1.92,4,852,145,0,0,517,2022-03-13 9:56 PM,2022-03-14 6:39 AM,490,33,22,523,168,241,81
2022-03-14,"2,177","1,963",1.45,9,813,104,0,0,403,2022-03-14 10:47 PM,2022-03-15 6:25 AM,414,44,17,458,101,226,87
2022-03-15,"2,795","7,940",5.85,15,701,273,8,0,"1,203",2022-03-15 10:48 PM,2022-03-16 5:51 AM,382,41,21,423,119,188,75
2022-03-16,"2,204","2,748",2.03,6,860,157,0,0,547,2022-03-16 10:06 PM,2022-03-17 6:13 AM,440,47,26,487,137,209,94
2022-03-17,"2,257","3,255",2.4,9,797,156,0,0,576,2022-03-17 10:23 PM,2022-03-18 6:20 AM,402,75,25,477,86,232,84
2022-03-18,"2,949","9,619",7.09,17,628,317,16,2,"1,468",2022-03-18 11:45 PM,2022-03-19 7:50 AM,437,47,27,484,127,224,86
2022-03-19,"2,992","12,392",9.11,33,639,228,71,18,"1,545",2022-03-20 12:40 AM,2022-03-20 9:54 AM,442,45,27,487,140,212,90
2022-03-20,"2,192","2,852",2.1,11,818,135,0,0,500,2022-03-21 12:13 AM,2022-03-21 8:04 AM,425,46,27,471,114,246,65
2022-03-21,"2,369","3,591",2.65,9,776,193,0,0,734,2022-03-21 9:48 PM,2022-03-22 5:58 AM,446,44,25,490,117,230,99
2022-03-22,"2,180","2,630",1.94,10,811,139,0,0,501,2022-03-22 9:36 PM,2022-03-23 6:03 AM,450,57,28,507,121,236,93
2022-03-23,"3,656","13,982",10.3,34,437,417,68,11,"2,347",2022-03-23 11:37 PM,2022-03-24 6:33 AM,348,68,21,416,91,187,70
2022-03-24,"2,118","2,396",1.77,10,897,127,0,0,454,2022-03-24 10:31 PM,2022-03-25 4:51 AM,356,24,15,380,92,212,52
2022-03-25,"2,820","8,209",6.05,46,808,207,18,27,"1,183",2022-03-26 2:20 AM,2022-03-26 10:11 AM,426,45,24,471,153,192,81
2022-03-26,"2,484","4,857",3.58,12,765,167,34,3,886,2022-03-26 10:14 PM,2022-03-27 8:25 AM,550,61,35,611,138,317,95
2022-03-27,"2,342","3,443",2.54,11,680,123,20,6,661,2022-03-27 8:10 PM,2022-03-28 4:20 AM,425,65,27,490,113,251,61
2022-03-28,"2,526","5,092",3.75,16,703,247,0,0,935,2022-03-28 10:09 PM,2022-03-29 5:59 AM,420,50,26,470,99,245,76
2022-03-29,"3,874","11,527",8.47,29,466,314,159,31,"2,622",2022-03-29 10:14 PM,2022-03-30 6:13 AM,424,55,28,479,112,224,88
2022-03-30,"2,315","3,228",2.38,12,797,164,0,0,600,2022-03-30 11:26 PM,2022-03-31 8:14 AM,482,46,23,528,159,214,109
2022-03-31,"2,530","4,569",3.37,16,688,224,0,0,911,2022-03-31 11:16 PM,2022-04-01 7:28 AM,430,62,26,492,118,223,89
2022-04-01,"2,357","3,555",2.62,14,769,179,0,0,671,2022-04-02 12:09 AM,2022-04-02 6:59 AM,374,36,27,410,117,196,61
2022-04-02,"2,974","11,245",8.29,48,720,260,19,31,"1,477",2022-04-02 11:18 PM,2022-04-03 9:34 AM,497,59,34,556,154,237,106
2022-04-03,"2,742","9,454",6.97,46,672,155,23,34,"1,091",2022-04-04 12:35 AM,2022-04-04 7:11 AM,347,49,26,396,75,206,66
2022-04-04,"2,179","1,634",1.2,5,945,99,0,0,363,2022-04-04 10:35 PM,2022-04-05 6:00 AM,407,38,18,445,126,201,80
2022-04-05,"2,307","2,578",1.9,8,853,142,0,0,526,2022-04-05 10:50 PM,2022-04-06 6:35 AM,402,62,21,464,87,235,80
2022-04-06,"2,694","7,491",5.52,26,762,193,18,3,"1,047",2022-04-06 10:57 PM,2022-04-07 7:05 AM,431,56,28,487,135,201,95
2022-04-07,"2,193","2,560",1.89,5,810,143,0,0,515,2022-04-07 10:47 PM,2022-04-08 5:56 AM,372,57,24,429,92,182,98
2022-04-08,"3,168","12,831",9.46,17,601,396,11,3,"1,767",2022-04-08 11:18 PM,2022-04-09 7:59 AM,477,44,40,521,153,221,103
2022-04-09,"2,307","5,007",3.69,16,739,168,5,7,707,2022-04-09 11:20 PM,2022-04-10 8:05 AM,460,64,34,524,130,241,89
2022-04-10,"2,336","3,804",2.8,11,738,178,0,0,691,2022-04-10 11:50 PM,2022-04-11 6:48 AM,371,47,20,418,77,195,99
2022-04-11,"2,126","2,476",1.82,8,889,133,0,0,469,2022-04-11 10:37 PM,2022-04-12 5:59 AM,400,42,24,442,119,211,70
2022-04-12,"2,734","6,348",4.68,10,723,275,0,0,"1,119",2022-04-12 11:22 PM,2022-04-13 7:02 AM,408,52,28,460,145,179,84
2022-04-13,"2,573","5,290",3.9,20,734,246,0,0,961,2022-04-14 2:11 AM,2022-04-14 9:40 AM,400,48,30,448,100,215,85
2022-04-14,"2,205","3,314",2.44,17,859,133,0,0,512,2022-04-15 12:33 AM,2022-04-15 8:28 AM,407,68,28,475,120,202,85
2022-04-15,"2,390","4,046",2.98,12,789,176,0,0,696,2022-04-16 12:09 AM,2022-04-16 9:01 AM,476,56,25,532,139,254,83
2022-04-16,"2,292","3,068",2.26,7,769,139,0,0,549,2022-04-17 12:16 AM,2022-04-17 7:52 AM,385,71,26,456,98,203,84
2022-04-17,"2,991","9,822",7.24,34,662,283,36,3,"1,491",2022-04-17 10:36 PM,2022-04-18 6:54 AM,446,52,34,498,131,217,98
2022-04-18,"2,877","10,347",7.63,43,663,224,25,30,"1,309",2022-04-18 10:51 PM,2022-04-19 5:29 AM,359,39,20,398,79,199,81
2022-04-19,"2,409","4,781",3.52,10,814,228,0,0,844,2022-04-19 9:06 PM,2022-04-20 5:31 AM,436,69,25,505,108,236,92
2022-04-20,"2,983","10,067",7.42,18,558,377,0,0,"1,563",2022-04-20 10:40 PM,2022-04-21 6:04 AM,412,32,25,444,147,196,69
2022-04-21,"2,885","9,543",7.03,16,677,309,5,5,"1,347",2022-04-22 1:17 AM,2022-04-22 6:58 AM,304,37,20,341,89,145,70
2022-04-22,"2,398","4,975",3.67,16,905,194,0,0,760,2022-04-23 1:11 AM,2022-04-23 9:57 AM,469,57,33,526,127,283,59
2022-04-23,"2,231","3,315",2.44,6,757,157,0,0,570,2022-04-24 12:33 AM,2022-04-24 8:54 AM,458,43,28,501,117,252,89
2022-04-24,"2,284","4,228",3.12,15,770,169,0,0,659,2022-04-24 10:51 PM,2022-04-25 6:46 AM,427,48,24,475,161,180,86
2022-04-25,"3,032","8,851",6.52,21,610,336,17,2,"1,589",2022-04-25 10:25 PM,2022-04-26 5:29 AM,375,49,22,424,92,207,76
2022-04-26,"3,158","9,878",7.25,38,685,261,45,25,"1,625",2022-04-26 10:54 PM,2022-04-27 5:59 AM,388,36,21,424,129,173,86
2022-04-27,"2,699","7,460",5.5,26,764,238,14,0,"1,097",2022-04-28 12:41 AM,2022-04-28 6:59 AM,348,30,21,378,120,169,59
2022-04-28,"2,296","2,903",2.14,5,915,147,0,0,549,2022-04-29 12:08 AM,2022-04-29 7:13 AM,376,49,25,425,105,209,62
2022-04-29,"2,352","3,759",2.77,14,845,170,0,0,682,2022-04-30 1:51 AM,2022-04-30 10:05 AM,435,59,30,494,143,209,83
2022-04-30,"2,088","1,557",1.15,4,850,96,0,0,339,2022-04-30 10:21 PM,2022-05-01 6:03 AM,416,46,30,462,123,205,88
2022-05-01,"2,669","8,447",6.23,26,721,257,0,0,"1,100",2022-05-01 11:42 PM,2022-05-02 6:59 AM,388,48,26,436,133,189,66
2022-05-02,"2,750","7,105",5.24,21,703,301,0,0,"1,205",2022-05-03 12:00 AM,2022-05-03 6:58 AM,351,67,27,418,82,178,91
2022-05-03,"2,256","2,045",1.51,4,893,129,0,0,477,2022-05-03 11:47 PM,2022-05-04 7:17 AM,410,39,30,449,92,249,69
2022-05-04,"2,252","1,754",1.29,3,876,115,0,0,425,2022-05-04 10:49 PM,2022-05-05 6:59 AM,441,48,28,489,127,194,120
2022-05-05,"2,281","2,090",1.54,5,823,128,0,0,489,2022-05-05 11:33 PM,2022-05-06 8:14 AM,413,39,25,452,73,204,64
2022-05-06,"2,743","8,520",6.26,25,736,228,13,11,"1,138",2022-05-07 1:11 AM,2022-05-07 8:46 AM,400,55,21,455,96,223,81
2022-05-07,"2,358","4,163",3.06,12,797,188,0,0,710,2022-05-07 11:09 PM,2022-05-08 8:01 AM,448,84,44,532,112,251,85
2022-05-08,"2,454","5,217",3.84,15,708,192,8,0,809,2022-05-08 10:28 PM,2022-05-09 5:51 AM,384,58,24,442,107,183,94
2022-05-09,"2,520","5,103",3.76,15,787,211,0,0,840,2022-05-09 11:02 PM,2022-05-10 5:49 AM,370,37,23,407,91,211,68
2022-05-10,"2,265","2,845",2.1,7,894,139,0,0,509,2022-05-10 9:43 PM,2022-05-11 5:39 AM,424,52,27,476,113,241,70
2022-05-11,"2,452","3,250",2.4,6,815,126,16,7,638,2022-05-11 10:30 PM,2022-05-12 5:45 AM,381,54,26,435,93,207,81
2022-05-12,"2,329","2,916",2.15,10,852,153,0,0,561,2022-05-12 10:49 PM,2022-05-13 5:29 AM,357,43,22,400,100,147,110
2022-05-13,"2,597","4,786",3.53,11,820,198,20,2,884,2022-05-14 12:35 AM,2022-05-14 7:31 AM,370,46,23,416,145,175,50
2022-05-14,"2,198","2,564",1.89,8,901,123,0,0,471,2022-05-14 11:07 PM,2022-05-15 8:23 AM,512,44,34,556,153,262,97
2022-05-15,"2,375","5,467",4.03,23,681,203,0,0,798,2022-05-15 8:54 PM,2022-05-16 5:23 AM,451,58,28,509,119,218,114
2022-05-16,"2,754","7,835",5.77,25,635,263,27,6,"1,204",2022-05-16 9:48 PM,2022-05-17 5:34 AM,407,59,29,466,105,228,74
2022-05-17,"2,275","2,833",2.09,17,834,140,0,0,524,2022-05-18 12:12 AM,2022-05-18 6:53 AM,361,40,22,401,115,166,80
2022-05-18,"2,646","4,941",3.64,16,798,217,19,5,995,2022-05-18 11:32 PM,2022-05-19 7:11 AM,383,76,22,459,82,214,87
2022-05-19,"2,264","2,870",2.12,7,834,147,0,0,551,2022-05-19 10:42 PM,2022-05-20 6:50 AM,428,60,29,488,124,196,108
2022-05-20,"2,317","3,661",2.7,9,785,167,0,0,628,2022-05-20 11:35 PM,2022-05-21 7:27 AM,365,107,26,472,63,222,80
2022-05-21,"2,784","10,062",7.42,43,728,185,26,29,"1,169",2022-05-21 11:08 PM,2022-05-22 8:01 AM,486,47,26,533,131,230,125
2022-05-22,"2,220","3,919",2.89,12,776,113,7,11,520,2022-05-23 12:07 AM,2022-05-23 9:04 AM,497,40,33,537,161,242,94
2022-05-23,"2,340","4,971",3.66,12,749,145,5,4,654,2022-05-23 10:18 PM,2022-05-24 5:25 AM,377,50,19,427,98,194,85
2022-05-24,"2,862","8,759",7.2,26,788,189,5,31,"1,196",2022-05-24 11:01 PM,2022-05-25 5:59 AM,371,47,24,418,101,213,57
2022-05-25,"3,225","13,101",9.66,22,574,439,9,0,"1,904",2022-05-25 10:44 PM,2022-05-26 6:22 AM,396,62,24,458,88,213,95
2022-05-26,"2,246","3,907",2.88,8,812,170,0,0,611,2022-05-26 10:28 PM,2022-05-27 5:38 AM,382,48,21,430,91,246,45
2022-05-27,"2,673","8,248",6.58,30,819,146,16,29,"1,018",2022-05-28 12:43 AM,2022-05-28 9:39 AM,466,70,27,536,140,246,80
2022-05-28,"2,172","2,447",1.8,6,794,110,0,0,424,2022-05-29 12:19 AM,2022-05-29 8:09 AM,436,34,28,470,135,211,90
2022-05-29,"2,720","7,280",5.37,22,697,243,30,0,"1,196",2022-05-29 10:07 PM,2022-05-30 5:18 AM,381,49,28,430,90,226,65
2022-05-30,"2,595","6,519",5.43,18,837,136,11,26,876,2022-05-30 10:34 PM,2022-05-31 6:21 AM,411,56,32,467,136,186,89
2022-05-31,"2,958","11,851",8.87,53,664,261,18,30,"1,427",2022-05-31 11:41 PM,2022-06-01 7:42 AM,429,52,29,481,141,191,97
2022-06-01,"2,475","5,118",3.77,11,766,156,32,5,839,2022-06-02 1:21 AM,2022-06-02 7:15 AM,311,43,25,354,89,182,40
2022-06-02,"2,152","2,336",1.72,6,966,120,0,0,438,2022-06-02 10:24 PM,2022-06-03 5:21 AM,365,52,27,417,84,223,58
2022-06-03,"2,515","5,730",4.84,12,853,140,5,25,808,2022-06-04 12:57 AM,2022-06-04 9:10 AM,446,47,27,493,150,195,101
2022-06-04,"2,705","8,532",6.46,39,731,154,23,39,"1,071",2022-06-05 3:54 AM,2022-06-05 9:29 AM,292,43,20,335,51,176,65
2022-06-05,"2,461","5,150",3.8,11,914,183,8,0,817,2022-06-05 9:42 PM,2022-06-06 4:59 AM,400,37,30,437,131,173,96
2022-06-06,"2,413","4,078",3,13,814,158,25,6,736,2022-06-06 11:21 PM,2022-06-07 6:10 AM,373,36,22,409,87,207,79
2022-06-07,"2,704","7,647",5.64,35,783,228,10,10,"1,101",2022-06-07 10:40 PM,2022-06-08 6:13 AM,384,69,26,453,142,150,92
2022-06-08,"3,809","12,248",9.03,39,575,207,94,111,"2,374",2022-06-09 12:42 AM,2022-06-09 9:12 AM,455,55,32,510,123,226,106
2022-06-09,"2,601","6,056",5.19,26,766,116,15,33,908,2022-06-09 11:14 PM,2022-06-10 6:14 AM,370,50,15,420,119,177,74
2022-06-10,"2,571","7,614",5.72,44,847,125,14,34,868,2022-06-11 12:01 AM,2022-06-11 8:26 AM,455,50,31,505,141,192,122
2022-06-11,"2,711","7,698",5.67,38,694,182,51,8,"1,137",2022-06-12 2:55 AM,2022-06-12 9:14 AM,326,53,18,379,80,176,70
2022-06-12,"2,179","2,756",2.03,6,931,130,0,0,487,2022-06-12 9:57 PM,2022-06-13 5:55 AM,428,50,20,478,103,255,70
2022-06-13,"2,709","7,370",5.43,32,697,257,5,3,"1,134",2022-06-13 9:52 PM,2022-06-14 4:58 AM,385,41,24,426,103,213,69
2022-06-14,"2,515","6,087",5.16,22,858,121,10,25,801,2022-06-14 10:16 PM,2022-06-15 5:25 AM,383,46,21,429,108,204,71
2022-06-15,"2,203","2,966",2.19,15,866,145,0,0,539,2022-06-15 10:37 PM,2022-06-16 5:23 AM,364,42,26,406,95,184,85
2022-06-16,"2,835","7,525",6.24,27,789,210,7,28,"1,188",2022-06-16 10:59 PM,2022-06-17 6:57 AM,429,49,26,478,110,236,83
2022-06-17,"2,818","9,589",7.07,48,762,135,17,48,"1,065",2022-06-18 1:51 AM,2022-06-18 9:43 AM,429,43,17,472,125,210,94
2022-06-18,"2,562","5,244",3.81,10,732,228,8,0,945,2022-06-19 12:58 AM,2022-06-19 9:34 AM,478,38,33,516,137,268,73
2022-06-19,"2,109","2,020",1.49,7,834,90,0,0,344,2022-06-19 11:38 PM,2022-06-20 5:59 AM,334,47,19,381,72,195,67
2022-06-20,"2,402","5,055",3.73,16,858,201,0,0,799,2022-06-20 8:52 PM,2022-06-21 4:59 AM,440,47,31,487,141,219,80
2022-06-21,"2,415","3,855",2.84,12,770,183,0,0,722,2022-06-22 12:34 AM,2022-06-22 8:35 AM,450,31,29,481,152,188,110
2022-06-22,"2,688","7,557",6.51,29,807,102,7,43,967,2022-06-22 10:49 PM,2022-06-23 6:29 AM,412,48,29,460,100,252,60
2022-06-23,"2,179","2,042",1.5,10,870,110,0,0,415,2022-06-23 10:47 PM,2022-06-24 7:28 AM,464,57,27,521,168,209,87
2022-06-24,"2,291","2,436",1.8,5,783,136,0,0,528,2022-06-24 11:48 PM,2022-06-25 8:56 AM,449,99,21,548,115,245,89
2022-06-25,"3,328","12,839",10.41,56,575,244,24,49,"1,857",2022-06-25 10:52 PM,2022-06-26 8:09 AM,510,47,30,557,153,243,114
2022-06-26,"2,902","10,743",9.07,43,674,156,14,39,"1,255",2022-06-27 12:33 AM,2022-06-27 6:45 AM,328,43,20,371,87,173,68
2022-06-27,"2,478","6,966",5.13,33,868,162,15,24,887,2022-06-27 10:23 PM,2022-06-28 6:07 AM,412,52,29,464,114,226,72
2022-06-28,"2,619","6,767",4.99,29,737,239,0,0,"1,010",2022-06-28 9:34 PM,2022-06-29 7:25 AM,556,35,31,591,180,264,112
2022-06-29,"2,604","5,908",4.43,20,662,140,15,32,955,2022-06-29 11:26 PM,2022-06-30 5:53 AM,343,44,18,387,83,174,86
2022-06-30,"2,803","2,386",1.69,8,787,266,0,0,"1,146",2022-06-30 9:18 PM,2022-07-01 5:04 AM,414,52,22,466,129,196,89
2022-07-01,"2,928","9,551",8.22,45,775,137,11,51,"1,224",2022-07-02 12:52 AM,2022-07-02 9:03 AM,443,47,25,490,119,241,83
2022-07-02,"2,701","9,197",6.78,55,744,132,34,40,"1,093",2022-07-03 12:00 AM,2022-07-03 8:30 AM,462,48,32,510,120,268,74
2022-07-03,"2,476","5,833",4.61,35,775,131,4,20,764,2022-07-04 12:56 AM,2022-07-04 9:05 AM,411,78,25,489,89,255,67
2022-07-04,"2,064","1,476",1.04,3,869,82,0,0,304,2022-07-04 10:05 PM,2022-07-05 5:35 AM,399,51,31,450,111,229,59
2022-07-05,"2,383","3,753",2.46,21,788,202,0,0,750,2022-07-05 9:49 PM,2022-07-06 5:58 AM,432,57,25,489,118,218,96
2022-07-06,"3,568","15,050",12.2,58,556,319,20,56,"2,142",2022-07-06 11:15 PM,2022-07-07 7:04 AM,422,47,23,469,105,199,118
2022-07-07,"2,303","3,346",2.35,9,788,183,0,0,695,2022-07-07 9:24 PM,2022-07-08 6:46 AM,499,63,33,562,109,284,106
2022-07-08,"2,669","5,765",4.63,25,675,170,2,31,"1,001",2022-07-08 9:38 PM,2022-07-09 7:37 AM,525,74,36,599,149,272,104
2022-07-09,"2,743","8,592",6.33,58,566,259,16,0,"1,214",2022-07-10 1:52 AM,2022-07-10 9:11 AM,406,33,25,439,106,234,66
2022-07-10,"2,385","5,892",4.81,25,854,119,1,27,745,2022-07-10 10:21 PM,2022-07-11 7:07 AM,464,62,28,526,130,242,92
2022-07-11,"2,327","3,283",2.33,13,743,171,0,0,646,2022-07-11 10:51 PM,2022-07-12 6:28 AM,408,49,18,457,95,251,62
2022-07-12,"2,809","4,567",3.28,17,774,164,3,42,"1,154",2022-07-12 10:58 PM,2022-07-13 6:11 AM,393,40,20,433,84,217,92
2022-07-13,"2,615","6,776",4.99,28,763,244,0,0,"1,004",2022-07-13 11:37 PM,2022-07-14 7:46 AM,433,56,25,489,114,245,74
2022-07-14,"2,637","7,954",5.86,40,717,205,22,7,"1,042",2022-07-14 11:09 PM,2022-07-15 6:30 AM,384,57,33,441,126,154,104
2022-07-15,"2,422","7,369",5.43,35,855,93,20,31,735,2022-07-16 2:16 AM,2022-07-16 10:15 AM,406,73,18,479,67,278,61
2022-07-16,"2,300","4,722",3.48,27,779,182,0,0,716,2022-07-17 3:07 AM,2022-07-17 10:04 AM,379,38,23,417,137,151,91
2022-07-17,"2,542","9,740",7.18,59,830,138,22,33,970,2022-07-17 10:52 PM,2022-07-18 7:04 AM,432,60,28,492,90,268,74
2022-07-18,"3,098","18,104",13.34,29,637,177,52,82,"1,654",2022-07-19 12:02 AM,2022-07-19 7:13 AM,398,33,22,431,87,223,88
2022-07-19,"2,482","6,674",4.92,25,802,198,9,0,891,2022-07-19 8:37 PM,2022-07-20 6:08 AM,512,59,27,571,157,244,111
2022-07-20,"2,943","9,239",6.81,30,539,318,10,2,"1,429",2022-07-20 11:31 PM,2022-07-21 6:46 AM,365,70,20,435,57,236,72
2022-07-21,"2,106","2,232",1.64,10,896,109,0,0,393,2022-07-21 8:25 PM,2022-07-22 5:30 AM,493,52,27,545,172,226,95
2022-07-22,"2,370","3,576",2.64,23,724,171,0,0,663,2022-07-23 12:54 AM,2022-07-23 8:04 AM,371,59,22,430,65,247,59
2022-07-23,"2,398","4,791",3.53,14,836,174,0,0,726,2022-07-24 12:15 AM,2022-07-24 8:43 AM,440,68,25,508,116,277,47
2022-07-24,"2,937","11,290",8.32,65,683,158,52,39,"1,347",2022-07-25 12:32 AM,2022-07-25 7:16 AM,362,42,16,404,112,194,56
2022-07-25,"2,178","2,374",1.75,10,903,133,0,0,474,2022-07-25 11:08 PM,2022-07-26 6:28 AM,394,46,23,440,123,176,95
2022-07-26,"2,958","8,054",5.93,30,693,263,35,9,"1,402",2022-07-27 12:23 AM,2022-07-27 6:06 AM,300,43,15,343,65,176,59
2022-07-27,"2,693","6,418",4.73,24,863,234,0,0,"1,051",2022-07-27 10:24 PM,2022-07-28 6:56 AM,458,54,30,512,133,256,69
2022-07-28,"2,123","1,979",1.46,5,812,116,0,0,407,2022-07-28 10:41 PM,2022-07-29 7:10 AM,453,56,25,509,109,238,106
2022-07-29,"2,320","2,942",2.17,14,778,153,0,0,606,2022-07-29 10:25 PM,2022-07-30 6:18 AM,411,62,22,473,109,213,89
2022-07-30,"2,928","8,028",5.92,18,645,311,6,5,"1,348",2022-07-31 1:47 AM,2022-07-31 10:10 AM,442,61,23,503,129,228,85
2022-07-31,"2,311","4,151",3.06,20,783,146,6,2,628,,,,,,,,,